<manifest alg="2" build="2015.1.0.342" opt="false" iceEnabled="true" iceMarkupVersion="2" iceEnabledOptions="link,responsive" exportTarget="other" domain="kackacraft.SKCZserver.com" resolutions="1x" timestamp="1608123983429">
  <folder name="css">
    <file name="site_global.css" crc="131700929"/>
    <file name="twitchstreameri.css" crc="33860031" ref="twitchstreameri"/>
    <file name="at.css" crc="488543156" ref="at"/>
    <file name="youtuberi.css" crc="153423510" ref="youtuberi"/>
    <file name="index.css" crc="497670364" ref="index"/>
    <file name="vip.css" crc="4222230443" ref="vip"/>
  </folder>
  <folder name="scripts">
    <file name="jquery-1.8.3.min.js" crc="409338010" ref="index:at:twitchstreameri:youtuberi:vip"/>
    <file name="museutils.js" crc="4190794036" ref="index:at:twitchstreameri:youtuberi:vip"/>
    <file name="whatinput.js" crc="84559013" ref="index:at:twitchstreameri:youtuberi:vip"/>
    <file name="jquery.watch.js" crc="349565855" ref="index:at:twitchstreameri:youtuberi:vip"/>
  </folder>
  <file name="index.html" crc="311128093" seo="true" mt="1608123164852" redirect="true"/>
  <file name="at.html" crc="122595285" seo="true" mt="1608099575144" redirect="true"/>
  <file name="twitchstreameri.html" crc="4108201241" seo="true" mt="1608099818911" redirect="true"/>
  <file name="youtuberi.html" crc="518632330" seo="true" mt="1608100021693" redirect="true"/>
  <file name="vip.html" crc="3947171878" seo="true" mt="1608123880503" redirect="true"/>
</manifest>